<?xml version="1.0" encoding="UTF-8" standalone="yes"?>
<!DOCTYPE suite SYSTEM  "http://testng.org/testng-1.0.dtd">

<suite name="Suite1">
    <test name="IE1">
        <parameter name="browser" value="IE"/>
        <parameter name="sysname" value="system1"/>
        <parameter name="url" value="http://127.0.0.1:8080/#/"/>
        <parameter name="username" value="admin"/>
        <parameter name="password" value="admin"/>
        <parameter name="feature" value="Branch"/>
        <classes>
            <class name="com.gurukulam.test.Branch">
                <methods>
                    <include name="BRANCH01"/>
                </methods>
            </class>
        </classes>
    </test>
    <test name="FF1">
        <parameter name="browser" value="FF"/>
        <parameter name="sysname" value="system1"/>
        <parameter name="url" value="http://127.0.0.1:8080/#/"/>
        <parameter name="username" value="admin"/>
        <parameter name="password" value="admin"/>
        <parameter name="feature" value="Branch"/>
        <classes>
            <class name="com.gurukulam.test.Branch">
                <methods>
                    <include name="BRANCH01"/>
                </methods>
            </class>
        </classes>
    </test>
    <test name="CR1">
        <parameter name="browser" value="CR"/>
        <parameter name="sysname" value="system1"/>
        <parameter name="url" value="http://127.0.0.1:8080/#/"/>
        <parameter name="username" value="admin"/>
        <parameter name="password" value="admin"/>
        <parameter name="feature" value="Branch"/>
        <classes>
            <class name="com.gurukulam.test.Branch">
                <methods>
                    <include name="BRANCH01"/>
                </methods>
            </class>
        </classes>
    </test>
    <test name="IE2">
        <parameter name="browser" value="IE"/>
        <parameter name="sysname" value="system1"/>
        <parameter name="url" value="http://127.0.0.1:8080/#/"/>
        <parameter name="username" value="admin"/>
        <parameter name="password" value="admin"/>
        <parameter name="feature" value="Branch"/>
        <classes>
            <class name="com.gurukulam.test.Branch">
                <methods>
                    <include name="BRANCH02"/>
                </methods>
            </class>
        </classes>
    </test>
    <test name="FF2">
        <parameter name="browser" value="FF"/>
        <parameter name="sysname" value="system1"/>
        <parameter name="url" value="http://127.0.0.1:8080/#/"/>
        <parameter name="username" value="admin"/>
        <parameter name="password" value="admin"/>
        <parameter name="feature" value="Branch"/>
        <classes>
            <class name="com.gurukulam.test.Branch">
                <methods>
                    <include name="BRANCH02"/>
                </methods>
            </class>
        </classes>
    </test>
    <test name="CR2">
        <parameter name="browser" value="CR"/>
        <parameter name="sysname" value="system1"/>
        <parameter name="url" value="http://127.0.0.1:8080/#/"/>
        <parameter name="username" value="admin"/>
        <parameter name="password" value="admin"/>
        <parameter name="feature" value="Branch"/>
        <classes>
            <class name="com.gurukulam.test.Branch">
                <methods>
                    <include name="BRANCH02"/>
                </methods>
            </class>
        </classes>
    </test>
    <test name="IE3">
        <parameter name="browser" value="IE"/>
        <parameter name="sysname" value="system1"/>
        <parameter name="url" value="http://127.0.0.1:8080/#/"/>
        <parameter name="username" value="admin"/>
        <parameter name="password" value="admin"/>
        <parameter name="feature" value="Branch"/>
        <classes>
            <class name="com.gurukulam.test.Branch">
                <methods>
                    <include name="BRANCH03"/>
                </methods>
            </class>
        </classes>
    </test>
    <test name="FF3">
        <parameter name="browser" value="FF"/>
        <parameter name="sysname" value="system1"/>
        <parameter name="url" value="http://127.0.0.1:8080/#/"/>
        <parameter name="username" value="admin"/>
        <parameter name="password" value="admin"/>
        <parameter name="feature" value="Branch"/>
        <classes>
            <class name="com.gurukulam.test.Branch">
                <methods>
                    <include name="BRANCH03"/>
                </methods>
            </class>
        </classes>
    </test>
    <test name="CR3">
        <parameter name="browser" value="CR"/>
        <parameter name="sysname" value="system1"/>
        <parameter name="url" value="http://127.0.0.1:8080/#/"/>
        <parameter name="username" value="admin"/>
        <parameter name="password" value="admin"/>
        <parameter name="feature" value="Branch"/>
        <classes>
            <class name="com.gurukulam.test.Branch">
                <methods>
                    <include name="BRANCH03"/>
                </methods>
            </class>
        </classes>
    </test>
    <test name="IE4">
        <parameter name="browser" value="IE"/>
        <parameter name="sysname" value="system1"/>
        <parameter name="url" value="http://127.0.0.1:8080/#/"/>
        <parameter name="username" value="admin"/>
        <parameter name="password" value="admin"/>
        <parameter name="feature" value="Branch"/>
        <classes>
            <class name="com.gurukulam.test.Branch">
                <methods>
                    <include name="BRANCH04"/>
                </methods>
            </class>
        </classes>
    </test>
    <test name="FF4">
        <parameter name="browser" value="FF"/>
        <parameter name="sysname" value="system1"/>
        <parameter name="url" value="http://127.0.0.1:8080/#/"/>
        <parameter name="username" value="admin"/>
        <parameter name="password" value="admin"/>
        <parameter name="feature" value="Branch"/>
        <classes>
            <class name="com.gurukulam.test.Branch">
                <methods>
                    <include name="BRANCH04"/>
                </methods>
            </class>
        </classes>
    </test>
    <test name="CR4">
        <parameter name="browser" value="CR"/>
        <parameter name="sysname" value="system1"/>
        <parameter name="url" value="http://127.0.0.1:8080/#/"/>
        <parameter name="username" value="admin"/>
        <parameter name="password" value="admin"/>
        <parameter name="feature" value="Branch"/>
        <classes>
            <class name="com.gurukulam.test.Branch">
                <methods>
                    <include name="BRANCH04"/>
                </methods>
            </class>
        </classes>
    </test>
    <test name="IE5">
        <parameter name="browser" value="IE"/>
        <parameter name="sysname" value="system1"/>
        <parameter name="url" value="http://127.0.0.1:8080/#/"/>
        <parameter name="username" value="admin"/>
        <parameter name="password" value="admin"/>
        <parameter name="feature" value="Branch"/>
        <classes>
            <class name="com.gurukulam.test.Branch">
                <methods>
                    <include name="BRANCH05"/>
                </methods>
            </class>
        </classes>
    </test>
    <test name="FF5">
        <parameter name="browser" value="FF"/>
        <parameter name="sysname" value="system1"/>
        <parameter name="url" value="http://127.0.0.1:8080/#/"/>
        <parameter name="username" value="admin"/>
        <parameter name="password" value="admin"/>
        <parameter name="feature" value="Branch"/>
        <classes>
            <class name="com.gurukulam.test.Branch">
                <methods>
                    <include name="BRANCH05"/>
                </methods>
            </class>
        </classes>
    </test>
    <test name="CR5">
        <parameter name="browser" value="CR"/>
        <parameter name="sysname" value="system1"/>
        <parameter name="url" value="http://127.0.0.1:8080/#/"/>
        <parameter name="username" value="admin"/>
        <parameter name="password" value="admin"/>
        <parameter name="feature" value="Branch"/>
        <classes>
            <class name="com.gurukulam.test.Branch">
                <methods>
                    <include name="BRANCH05"/>
                </methods>
            </class>
        </classes>
    </test>
    <test name="IE6">
        <parameter name="browser" value="IE"/>
        <parameter name="sysname" value="system1"/>
        <parameter name="url" value="http://127.0.0.1:8080/#/"/>
        <parameter name="username" value="admin"/>
        <parameter name="password" value="admin"/>
        <parameter name="feature" value="Branch"/>
        <classes>
            <class name="com.gurukulam.test.Branch">
                <methods>
                    <include name="BRANCH06"/>
                </methods>
            </class>
        </classes>
    </test>
    <test name="FF6">
        <parameter name="browser" value="FF"/>
        <parameter name="sysname" value="system1"/>
        <parameter name="url" value="http://127.0.0.1:8080/#/"/>
        <parameter name="username" value="admin"/>
        <parameter name="password" value="admin"/>
        <parameter name="feature" value="Branch"/>
        <classes>
            <class name="com.gurukulam.test.Branch">
                <methods>
                    <include name="BRANCH06"/>
                </methods>
            </class>
        </classes>
    </test>
    <test name="CR6">
        <parameter name="browser" value="CR"/>
        <parameter name="sysname" value="system1"/>
        <parameter name="url" value="http://127.0.0.1:8080/#/"/>
        <parameter name="username" value="admin"/>
        <parameter name="password" value="admin"/>
        <parameter name="feature" value="Branch"/>
        <classes>
            <class name="com.gurukulam.test.Branch">
                <methods>
                    <include name="BRANCH06"/>
                </methods>
            </class>
        </classes>
    </test>
    <test name="IE7">
        <parameter name="browser" value="IE"/>
        <parameter name="sysname" value="system1"/>
        <parameter name="url" value="http://127.0.0.1:8080/#/"/>
        <parameter name="username" value="admin"/>
        <parameter name="password" value="admin"/>
        <parameter name="feature" value="Branch"/>
        <classes>
            <class name="com.gurukulam.test.Branch">
                <methods>
                    <include name="BRANCH07"/>
                </methods>
            </class>
        </classes>
    </test>
    <test name="FF7">
        <parameter name="browser" value="FF"/>
        <parameter name="sysname" value="system1"/>
        <parameter name="url" value="http://127.0.0.1:8080/#/"/>
        <parameter name="username" value="admin"/>
        <parameter name="password" value="admin"/>
        <parameter name="feature" value="Branch"/>
        <classes>
            <class name="com.gurukulam.test.Branch">
                <methods>
                    <include name="BRANCH07"/>
                </methods>
            </class>
        </classes>
    </test>
    <test name="CR7">
        <parameter name="browser" value="CR"/>
        <parameter name="sysname" value="system1"/>
        <parameter name="url" value="http://127.0.0.1:8080/#/"/>
        <parameter name="username" value="admin"/>
        <parameter name="password" value="admin"/>
        <parameter name="feature" value="Branch"/>
        <classes>
            <class name="com.gurukulam.test.Branch">
                <methods>
                    <include name="BRANCH07"/>
                </methods>
            </class>
        </classes>
    </test>
</suite>
