<?xml version="1.0" encoding="UTF-8" standalone="yes"?>
<!DOCTYPE suite SYSTEM  "http://testng.org/testng-1.0.dtd">

<suite name="Suite2">
    <test name="IE8">
        <parameter name="browser" value="IE"/>
        <parameter name="sysname" value="system2"/>
        <parameter name="url" value="http://127.0.0.1:8080/#/"/>
        <parameter name="username" value="admin"/>
        <parameter name="password" value="admin"/>
        <parameter name="feature" value="Staff"/>
        <classes>
            <class name="com.gurukulam.test.Staff">
                <methods>
                    <include name="STAFF01"/>
                </methods>
            </class>
        </classes>
    </test>
    <test name="FF8">
        <parameter name="browser" value="FF"/>
        <parameter name="sysname" value="system2"/>
        <parameter name="url" value="http://127.0.0.1:8080/#/"/>
        <parameter name="username" value="admin"/>
        <parameter name="password" value="admin"/>
        <parameter name="feature" value="Staff"/>
        <classes>
            <class name="com.gurukulam.test.Staff">
                <methods>
                    <include name="STAFF01"/>
                </methods>
            </class>
        </classes>
    </test>
    <test name="CR8">
        <parameter name="browser" value="CR"/>
        <parameter name="sysname" value="system2"/>
        <parameter name="url" value="http://127.0.0.1:8080/#/"/>
        <parameter name="username" value="admin"/>
        <parameter name="password" value="admin"/>
        <parameter name="feature" value="Staff"/>
        <classes>
            <class name="com.gurukulam.test.Staff">
                <methods>
                    <include name="STAFF01"/>
                </methods>
            </class>
        </classes>
    </test>
    <test name="IE9">
        <parameter name="browser" value="IE"/>
        <parameter name="sysname" value="system2"/>
        <parameter name="url" value="http://127.0.0.1:8080/#/"/>
        <parameter name="username" value="admin"/>
        <parameter name="password" value="admin"/>
        <parameter name="feature" value="Staff"/>
        <classes>
            <class name="com.gurukulam.test.Staff">
                <methods>
                    <include name="STAFF02"/>
                </methods>
            </class>
        </classes>
    </test>
    <test name="FF9">
        <parameter name="browser" value="FF"/>
        <parameter name="sysname" value="system2"/>
        <parameter name="url" value="http://127.0.0.1:8080/#/"/>
        <parameter name="username" value="admin"/>
        <parameter name="password" value="admin"/>
        <parameter name="feature" value="Staff"/>
        <classes>
            <class name="com.gurukulam.test.Staff">
                <methods>
                    <include name="STAFF02"/>
                </methods>
            </class>
        </classes>
    </test>
    <test name="CR9">
        <parameter name="browser" value="CR"/>
        <parameter name="sysname" value="system2"/>
        <parameter name="url" value="http://127.0.0.1:8080/#/"/>
        <parameter name="username" value="admin"/>
        <parameter name="password" value="admin"/>
        <parameter name="feature" value="Staff"/>
        <classes>
            <class name="com.gurukulam.test.Staff">
                <methods>
                    <include name="STAFF02"/>
                </methods>
            </class>
        </classes>
    </test>
    <test name="IE10">
        <parameter name="browser" value="IE"/>
        <parameter name="sysname" value="system2"/>
        <parameter name="url" value="http://127.0.0.1:8080/#/"/>
        <parameter name="username" value="admin"/>
        <parameter name="password" value="admin"/>
        <parameter name="feature" value="Staff"/>
        <classes>
            <class name="com.gurukulam.test.Staff">
                <methods>
                    <include name="STAFF03"/>
                </methods>
            </class>
        </classes>
    </test>
    <test name="FF10">
        <parameter name="browser" value="FF"/>
        <parameter name="sysname" value="system2"/>
        <parameter name="url" value="http://127.0.0.1:8080/#/"/>
        <parameter name="username" value="admin"/>
        <parameter name="password" value="admin"/>
        <parameter name="feature" value="Staff"/>
        <classes>
            <class name="com.gurukulam.test.Staff">
                <methods>
                    <include name="STAFF03"/>
                </methods>
            </class>
        </classes>
    </test>
    <test name="CR10">
        <parameter name="browser" value="CR"/>
        <parameter name="sysname" value="system2"/>
        <parameter name="url" value="http://127.0.0.1:8080/#/"/>
        <parameter name="username" value="admin"/>
        <parameter name="password" value="admin"/>
        <parameter name="feature" value="Staff"/>
        <classes>
            <class name="com.gurukulam.test.Staff">
                <methods>
                    <include name="STAFF03"/>
                </methods>
            </class>
        </classes>
    </test>
    <test name="IE11">
        <parameter name="browser" value="IE"/>
        <parameter name="sysname" value="system2"/>
        <parameter name="url" value="http://127.0.0.1:8080/#/"/>
        <parameter name="username" value="admin"/>
        <parameter name="password" value="admin"/>
        <parameter name="feature" value="Staff"/>
        <classes>
            <class name="com.gurukulam.test.Staff">
                <methods>
                    <include name="STAFF04"/>
                </methods>
            </class>
        </classes>
    </test>
    <test name="FF11">
        <parameter name="browser" value="FF"/>
        <parameter name="sysname" value="system2"/>
        <parameter name="url" value="http://127.0.0.1:8080/#/"/>
        <parameter name="username" value="admin"/>
        <parameter name="password" value="admin"/>
        <parameter name="feature" value="Staff"/>
        <classes>
            <class name="com.gurukulam.test.Staff">
                <methods>
                    <include name="STAFF04"/>
                </methods>
            </class>
        </classes>
    </test>
    <test name="CR11">
        <parameter name="browser" value="CR"/>
        <parameter name="sysname" value="system2"/>
        <parameter name="url" value="http://127.0.0.1:8080/#/"/>
        <parameter name="username" value="admin"/>
        <parameter name="password" value="admin"/>
        <parameter name="feature" value="Staff"/>
        <classes>
            <class name="com.gurukulam.test.Staff">
                <methods>
                    <include name="STAFF04"/>
                </methods>
            </class>
        </classes>
    </test>
    <test name="IE12">
        <parameter name="browser" value="IE"/>
        <parameter name="sysname" value="system2"/>
        <parameter name="url" value="http://127.0.0.1:8080/#/"/>
        <parameter name="username" value="admin"/>
        <parameter name="password" value="admin"/>
        <parameter name="feature" value="Staff"/>
        <classes>
            <class name="com.gurukulam.test.Staff">
                <methods>
                    <include name="STAFF05"/>
                </methods>
            </class>
        </classes>
    </test>
    <test name="FF12">
        <parameter name="browser" value="FF"/>
        <parameter name="sysname" value="system2"/>
        <parameter name="url" value="http://127.0.0.1:8080/#/"/>
        <parameter name="username" value="admin"/>
        <parameter name="password" value="admin"/>
        <parameter name="feature" value="Staff"/>
        <classes>
            <class name="com.gurukulam.test.Staff">
                <methods>
                    <include name="STAFF05"/>
                </methods>
            </class>
        </classes>
    </test>
    <test name="CR12">
        <parameter name="browser" value="CR"/>
        <parameter name="sysname" value="system2"/>
        <parameter name="url" value="http://127.0.0.1:8080/#/"/>
        <parameter name="username" value="admin"/>
        <parameter name="password" value="admin"/>
        <parameter name="feature" value="Staff"/>
        <classes>
            <class name="com.gurukulam.test.Staff">
                <methods>
                    <include name="STAFF05"/>
                </methods>
            </class>
        </classes>
    </test>
    <test name="IE13">
        <parameter name="browser" value="IE"/>
        <parameter name="sysname" value="system2"/>
        <parameter name="url" value="http://127.0.0.1:8080/#/"/>
        <parameter name="username" value="admin"/>
        <parameter name="password" value="admin"/>
        <parameter name="feature" value="Staff"/>
        <classes>
            <class name="com.gurukulam.test.Staff">
                <methods>
                    <include name="STAFF06"/>
                </methods>
            </class>
        </classes>
    </test>
    <test name="FF13">
        <parameter name="browser" value="FF"/>
        <parameter name="sysname" value="system2"/>
        <parameter name="url" value="http://127.0.0.1:8080/#/"/>
        <parameter name="username" value="admin"/>
        <parameter name="password" value="admin"/>
        <parameter name="feature" value="Staff"/>
        <classes>
            <class name="com.gurukulam.test.Staff">
                <methods>
                    <include name="STAFF06"/>
                </methods>
            </class>
        </classes>
    </test>
    <test name="CR13">
        <parameter name="browser" value="CR"/>
        <parameter name="sysname" value="system2"/>
        <parameter name="url" value="http://127.0.0.1:8080/#/"/>
        <parameter name="username" value="admin"/>
        <parameter name="password" value="admin"/>
        <parameter name="feature" value="Staff"/>
        <classes>
            <class name="com.gurukulam.test.Staff">
                <methods>
                    <include name="STAFF06"/>
                </methods>
            </class>
        </classes>
    </test>
    <test name="IE14">
        <parameter name="browser" value="IE"/>
        <parameter name="sysname" value="system2"/>
        <parameter name="url" value="http://127.0.0.1:8080/#/"/>
        <parameter name="username" value="admin"/>
        <parameter name="password" value="admin"/>
        <parameter name="feature" value="Account"/>
        <classes>
            <class name="com.gurukulam.test.Account">
                <methods>
                    <include name="ACCOUNT01"/>
                </methods>
            </class>
        </classes>
    </test>
    <test name="FF14">
        <parameter name="browser" value="FF"/>
        <parameter name="sysname" value="system2"/>
        <parameter name="url" value="http://127.0.0.1:8080/#/"/>
        <parameter name="username" value="admin"/>
        <parameter name="password" value="admin"/>
        <parameter name="feature" value="Account"/>
        <classes>
            <class name="com.gurukulam.test.Account">
                <methods>
                    <include name="ACCOUNT01"/>
                </methods>
            </class>
        </classes>
    </test>
    <test name="CR14">
        <parameter name="browser" value="CR"/>
        <parameter name="sysname" value="system2"/>
        <parameter name="url" value="http://127.0.0.1:8080/#/"/>
        <parameter name="username" value="admin"/>
        <parameter name="password" value="admin"/>
        <parameter name="feature" value="Account"/>
        <classes>
            <class name="com.gurukulam.test.Account">
                <methods>
                    <include name="ACCOUNT01"/>
                </methods>
            </class>
        </classes>
    </test>
    <test name="IE15">
        <parameter name="browser" value="IE"/>
        <parameter name="sysname" value="system2"/>
        <parameter name="url" value="http://127.0.0.1:8080/#/"/>
        <parameter name="username" value="admin"/>
        <parameter name="password" value="admin"/>
        <parameter name="feature" value="Account"/>
        <classes>
            <class name="com.gurukulam.test.Account">
                <methods>
                    <include name="ACCOUNT02"/>
                </methods>
            </class>
        </classes>
    </test>
    <test name="FF15">
        <parameter name="browser" value="FF"/>
        <parameter name="sysname" value="system2"/>
        <parameter name="url" value="http://127.0.0.1:8080/#/"/>
        <parameter name="username" value="admin"/>
        <parameter name="password" value="admin"/>
        <parameter name="feature" value="Account"/>
        <classes>
            <class name="com.gurukulam.test.Account">
                <methods>
                    <include name="ACCOUNT02"/>
                </methods>
            </class>
        </classes>
    </test>
    <test name="CR15">
        <parameter name="browser" value="CR"/>
        <parameter name="sysname" value="system2"/>
        <parameter name="url" value="http://127.0.0.1:8080/#/"/>
        <parameter name="username" value="admin"/>
        <parameter name="password" value="admin"/>
        <parameter name="feature" value="Account"/>
        <classes>
            <class name="com.gurukulam.test.Account">
                <methods>
                    <include name="ACCOUNT02"/>
                </methods>
            </class>
        </classes>
    </test>
    <test name="IE16">
        <parameter name="browser" value="IE"/>
        <parameter name="sysname" value="system2"/>
        <parameter name="url" value="http://127.0.0.1:8080/#/"/>
        <parameter name="username" value="admin"/>
        <parameter name="password" value="admin"/>
        <parameter name="feature" value="Account"/>
        <classes>
            <class name="com.gurukulam.test.Account">
                <methods>
                    <include name="ACCOUNT03"/>
                </methods>
            </class>
        </classes>
    </test>
    <test name="FF16">
        <parameter name="browser" value="FF"/>
        <parameter name="sysname" value="system2"/>
        <parameter name="url" value="http://127.0.0.1:8080/#/"/>
        <parameter name="username" value="admin"/>
        <parameter name="password" value="admin"/>
        <parameter name="feature" value="Account"/>
        <classes>
            <class name="com.gurukulam.test.Account">
                <methods>
                    <include name="ACCOUNT03"/>
                </methods>
            </class>
        </classes>
    </test>
    <test name="CR16">
        <parameter name="browser" value="CR"/>
        <parameter name="sysname" value="system2"/>
        <parameter name="url" value="http://127.0.0.1:8080/#/"/>
        <parameter name="username" value="admin"/>
        <parameter name="password" value="admin"/>
        <parameter name="feature" value="Account"/>
        <classes>
            <class name="com.gurukulam.test.Account">
                <methods>
                    <include name="ACCOUNT03"/>
                </methods>
            </class>
        </classes>
    </test>
    <test name="IE17">
        <parameter name="browser" value="IE"/>
        <parameter name="sysname" value="system2"/>
        <parameter name="url" value="http://127.0.0.1:8080/#/"/>
        <parameter name="username" value="admin"/>
        <parameter name="password" value="admin"/>
        <parameter name="feature" value="Account"/>
        <classes>
            <class name="com.gurukulam.test.Account">
                <methods>
                    <include name="ACCOUNT04"/>
                </methods>
            </class>
        </classes>
    </test>
    <test name="FF17">
        <parameter name="browser" value="FF"/>
        <parameter name="sysname" value="system2"/>
        <parameter name="url" value="http://127.0.0.1:8080/#/"/>
        <parameter name="username" value="admin"/>
        <parameter name="password" value="admin"/>
        <parameter name="feature" value="Account"/>
        <classes>
            <class name="com.gurukulam.test.Account">
                <methods>
                    <include name="ACCOUNT04"/>
                </methods>
            </class>
        </classes>
    </test>
    <test name="CR17">
        <parameter name="browser" value="CR"/>
        <parameter name="sysname" value="system2"/>
        <parameter name="url" value="http://127.0.0.1:8080/#/"/>
        <parameter name="username" value="admin"/>
        <parameter name="password" value="admin"/>
        <parameter name="feature" value="Account"/>
        <classes>
            <class name="com.gurukulam.test.Account">
                <methods>
                    <include name="ACCOUNT04"/>
                </methods>
            </class>
        </classes>
    </test>
</suite>
