<?xml version="1.0" encoding="UTF-8" standalone="yes"?>
<!DOCTYPE suite SYSTEM  "http://testng.org/testng-1.0.dtd">

<suite name="Suite1" verbose="2" >
 
	<test name="Test1">
		<parameter value="ff" name="browser" />
		<parameter value="127.0.0.1" name="sysname" />
		<parameter value="http://127.0.0.1:8080" name="url" />
		<parameter value="admin" name="username" />
		<parameter value="admin" name="password" />
		<parameter name="feature" value="Staff"></parameter>
		<classes>
			<class name="com.gurukulam.test.Staff">
				<methods>
					<include name="STAFF01" />
				</methods>
			</class>
		</classes>
	</test>

	<test name="Test2">
		<parameter value="ff" name="browser" />
		<parameter value="127.0.0.1" name="sysname" />
		<parameter value="http://127.0.0.1:8080" name="url" />
		<parameter value="admin" name="username" />
		<parameter value="admin" name="password" />
		<parameter name="feature" value="Staff"></parameter>
		<classes>
			<class name="com.gurukulam.test.Staff">
				<methods>
					<include name="STAFF02" />
				</methods>
			</class>
		</classes>
	</test>

 <test name="Test3">
		<parameter value="ff" name="browser" />
		<parameter value="127.0.0.1" name="sysname" />
		<parameter value="http://127.0.0.1:8080" name="url" />
		<parameter value="admin" name="username" />
		<parameter value="admin" name="password" />
		<parameter name="feature" value="Staff"></parameter>
		<classes>
			<class name="com.gurukulam.test.Staff">
				<methods>
					<include name="STAFF03" />
				</methods>
			</class>
		</classes>
	</test>

	<test name="Test4">
		<parameter value="ff" name="browser" />
		<parameter value="127.0.0.1" name="sysname" />
		<parameter value="http://127.0.0.1:8080" name="url" />
		<parameter value="admin" name="username" />
		<parameter value="admin" name="password" />
		<parameter name="feature" value="Staff"></parameter>
		<classes>
			<class name="com.gurukulam.test.Staff">
				<methods>
					<include name="STAFF04" />
				</methods>
			</class>
		</classes>
	</test>

	<test name="Test5">
		<parameter value="ff" name="browser" />
		<parameter value="127.0.0.1" name="sysname" />
		<parameter value="http://127.0.0.1:8080" name="url" />
		<parameter value="admin" name="username" />
		<parameter value="admin" name="password" />
		<parameter name="feature" value="Staff"></parameter>
		<classes>
			<class name="com.gurukulam.test.Staff">
				<methods>
					<include name="STAFF05" />
				</methods>
			</class>
		</classes>
	</test>

	<test name="Test6">
		<parameter value="ff" name="browser" />
		<parameter value="127.0.0.1" name="sysname" />
		<parameter value="http://127.0.0.1:8080" name="url" />
		<parameter value="admin" name="username" />
		<parameter value="admin" name="password" />
		<parameter name="feature" value="Staff"></parameter>
		<classes>
			<class name="com.gurukulam.test.Staff">
				<methods>
					<include name="STAFF06" />
				</methods>
			</class>
		</classes>
	</test>
 
</suite>
